<?xml version="1.0" encoding="UTF-8"?>
<config xmlns="http://www.knime.org/2008/09/XMLConfig" xmlns:xsi="http://www.w3.org/2001/XMLSchema-instance" xsi:schemaLocation="http://www.knime.org/2008/09/XMLConfig http://www.knime.org/XMLConfig_2008_09.xsd" key="MiningSchema">
<config key="learning">
<entry key="array-size" type="xint" value="28"/>
<entry key="0" type="xstring" value="REVENUE_VOICE_oct"/>
<entry key="1" type="xstring" value="REVENUE_GPRS_oct"/>
<entry key="2" type="xstring" value="REVENUE_SMS_oct"/>
<entry key="3" type="xstring" value="REVENUE_VAS_oct"/>
<entry key="4" type="xstring" value="VOLUME_NO_oct"/>
<entry key="5" type="xstring" value="VOLUME_MIN_country_X_oct"/>
<entry key="6" type="xstring" value="VOLUME_NO_country_X_oct"/>
<entry key="7" type="xstring" value="VOLUME_MIN_country_Y_oct"/>
<entry key="8" type="xstring" value="VOLUME_NO_country_Y_oct"/>
<entry key="9" type="xstring" value="VOLUME_MIN_Neighbou_octr"/>
<entry key="10" type="xstring" value="VOLUME_NO_Neighbour_oct"/>
<entry key="11" type="xstring" value="VOLUME_MIN_West_Europe_oct"/>
<entry key="12" type="xstring" value="VOLUME_NO_West_Europe_oct"/>
<entry key="13" type="xstring" value="VOLUME_MIN_East_Europe_oct"/>
<entry key="14" type="xstring" value="VOLUME_NO_East_Europe_oct"/>
<entry key="15" type="xstring" value="VOLUME_MIN_OTHERDEST_oct"/>
<entry key="16" type="xstring" value="VOLUME_NO_OTHERDEST_oct"/>
<entry key="17" type="xstring" value="NO_SMS_OTHERDEST_oct"/>
<entry key="18" type="xstring" value="NO_GPRS_OTHERDEST_oct"/>
<entry key="19" type="xstring" value="VOLUME_MIN_COMPETITION_oct"/>
<entry key="20" type="xstring" value="VOLUME_NO_COMPETITION_oct"/>
<entry key="21" type="xstring" value="NO_SMS_COMPETITION_oct"/>
<entry key="22" type="xstring" value="NO_GPRS_COMPETITION_oct"/>
<entry key="23" type="xstring" value="NO_ROAMING_oct"/>
<entry key="24" type="xstring" value="SCORE_ID"/>
<entry key="25" type="xstring" value="AGE"/>
<entry key="26" type="xstring" value="GENDER"/>
<entry key="27" type="xstring" value="NUM_OF_RECHARGE_oct"/>
</config>
<config key="target">
<entry key="array-size" type="xint" value="1"/>
<entry key="0" type="xstring" value="CHURN"/>
</config>
</config>
